{
    "$schema": "http://schema.management.azure.com/schemas/2015-01-01/deploymentTemplate.json#",
    "contentVersion": "1.0.0.0",
    "parameters": {
        "subscriptionId": {
            "type": "string"
        },
        "name": {
            "type": "string"
        },
        "location": {
            "type": "string"
        },
        "hostingPlanName": {
            "type": "string"
        },
        "serverFarmResourceGroup": {
            "type": "string"
        },
        "alwaysOn": {
            "type": "bool"
        },
        "use32BitWorkerProcess": {
            "type": "bool"
        },
        "storageAccountName": {
            "type": "string"
        },
        "netFrameworkVersion": {
            "type": "string"
        },
        "sku": {
            "type": "string"
        },
        "skuCode": {
            "type": "string"
        },
        "workerSize": {
            "type": "string"
        },
        "workerSizeId": {
            "type": "string"
        },
        "numberOfWorkers": {
            "type": "string"
        }
    },
    "variables": {},
    "resources": [
        {
            "apiVersion": "2018-11-01",
            "name": "[parameters('name')]",
            "type": "Microsoft.Web/sites",
            "kind": "functionapp",
            "location": "[parameters('location')]",
            "tags": {
                "hidden-link: /app-insights-resource-id": "/subscriptions/de7a5aea-fdef-4136-bfc3-3bfe1901bfaf/resourceGroups/AzureChallengeGitHubActionsRG/providers/Microsoft.Insights/components/GithubFunApp"
            },
            "dependsOn": [
                "microsoft.insights/components/GithubFunApp",
                "[concat('Microsoft.Web/serverfarms/', parameters('hostingPlanName'))]",
                "[concat('Microsoft.Storage/storageAccounts/', parameters('storageAccountName'))]"
            ],
            "properties": {
                "name": "[parameters('name')]",
                "siteConfig": {
                    "appSettings": [
                        {
                            "name": "FUNCTIONS_EXTENSION_VERSION",
                            "value": "~4"
                        },
                        {
                            "name": "FUNCTIONS_WORKER_RUNTIME",
                            "value": "dotnet"
                        },
                        {
                            "name": "APPINSIGHTS_INSTRUMENTATIONKEY",
                            "value": "[reference('microsoft.insights/components/GithubFunApp', '2015-05-01').InstrumentationKey]"
                        },
                        {
                            "name": "APPLICATIONINSIGHTS_CONNECTION_STRING",
                            "value": "[reference('microsoft.insights/components/GithubFunApp', '2015-05-01').ConnectionString]"
                        },
                        {
                            "name": "AzureWebJobsStorage",
                            "value": "[concat('DefaultEndpointsProtocol=https;AccountName=',parameters('storageAccountName'),';AccountKey=',listKeys(resourceId('Microsoft.Storage/storageAccounts', parameters('storageAccountName')), '2019-06-01').keys[0].value,';EndpointSuffix=','core.windows.net')]"
                        },
                        {
                            "name": "WEBSITE_CONTENTAZUREFILECONNECTIONSTRING",
                            "value": "[concat('DefaultEndpointsProtocol=https;AccountName=',parameters('storageAccountName'),';AccountKey=',listKeys(resourceId('Microsoft.Storage/storageAccounts', parameters('storageAccountName')), '2019-06-01').keys[0].value,';EndpointSuffix=','core.windows.net')]"
                        },
                        {
                            "name": "WEBSITE_CONTENTSHARE",
                            "value": "[concat(toLower(parameters('name')), 'b079')]"
                        }
                    ],
                    "cors": {
                        "allowedOrigins": [
                            "https://portal.azure.com"
                        ]
                    },
                    "use32BitWorkerProcess": "[parameters('use32BitWorkerProcess')]",
                    "netFrameworkVersion": "[parameters('netFrameworkVersion')]"
                },
                "serverFarmId": "[concat('/subscriptions/', parameters('subscriptionId'),'/resourcegroups/', parameters('serverFarmResourceGroup'), '/providers/Microsoft.Web/serverfarms/', parameters('hostingPlanName'))]",
                "clientAffinityEnabled": false,
                "virtualNetworkSubnetId": null
            }
        },
        {
            "apiVersion": "2018-11-01",
            "name": "[parameters('hostingPlanName')]",
            "type": "Microsoft.Web/serverfarms",
            "location": "[parameters('location')]",
            "kind": "",
            "tags": {},
            "dependsOn": [],
            "properties": {
                "name": "[parameters('hostingPlanName')]",
                "workerSize": "[parameters('workerSize')]",
                "workerSizeId": "[parameters('workerSizeId')]",
                "numberOfWorkers": "[parameters('numberOfWorkers')]"
            },
            "sku": {
                "Tier": "[parameters('sku')]",
                "Name": "[parameters('skuCode')]"
            }
        },
        {
            "apiVersion": "2020-02-02-preview",
            "name": "GithubFunApp",
            "type": "microsoft.insights/components",
            "location": "centralus",
            "tags": {},
            "dependsOn": [
                "newWorkspaceTemplate"
            ],
            "properties": {
                "ApplicationId": "[parameters('name')]",
                "Request_Source": "IbizaWebAppExtensionCreate",
                "Flow_Type": "Redfield",
                "Application_Type": "web",
                "WorkspaceResourceId": "/subscriptions/de7a5aea-fdef-4136-bfc3-3bfe1901bfaf/resourceGroups/DefaultResourceGroup-CUS/providers/Microsoft.OperationalInsights/workspaces/DefaultWorkspace-de7a5aea-fdef-4136-bfc3-3bfe1901bfaf-CUS"
            }
        },
        {
            "apiVersion": "2019-06-01",
            "type": "Microsoft.Storage/storageAccounts",
            "name": "[parameters('storageAccountName')]",
            "location": "[parameters('location')]",
            "tags": {},
            "sku": {
                "name": "Standard_LRS"
            },
            "properties": {
                "supportsHttpsTrafficOnly": true,
                "minimumTlsVersion": "TLS1_2"
            }
        },
        {
            "type": "Microsoft.Resources/deployments",
            "apiVersion": "2019-10-01",
            "name": "newWorkspaceTemplate",
            "resourceGroup": "DefaultResourceGroup-CUS",
            "subscriptionId": "[parameters('subscriptionId')]",
            "properties": {
                "mode": "Incremental",
                "template": {
                    "$schema": "https://schema.management.azure.com/schemas/2015-01-01/deploymentTemplate.json#",
                    "contentVersion": "1.0.0.0",
                    "parameters": {},
                    "variables": {},
                    "resources": [
                        {
                            "apiVersion": "2020-08-01",
                            "name": "DefaultWorkspace-de7a5aea-fdef-4136-bfc3-3bfe1901bfaf-CUS",
                            "type": "Microsoft.OperationalInsights/workspaces",
                            "location": "Central US",
                            "properties": {}
                        }
                    ]
                }
            }
        }
    ]
}